[
  { "id": 1, "image": "assets/1.jpg", "name": "FLOWER 쿨 코튼 티셔츠", "brand": "1989스탠다드", "price": "25,500","purchaseLink": "https://www.musinsa.com/app/goods/3996385"},
  { "id": 2, "image": "assets/2.jpg", "name": "멀티 컬러 체크 셔츠", "brand": "인템포무드", "price": "62,400","purchaseLink": "https://www.musinsa.com/app/goods/4125986" },
  { "id": 3, "image": "assets/3.jpg", "name": "피오니 섬유 향수", "brand": "르사트라", "price": "3,500","purchaseLink": "https://www.musinsa.com/app/goods/3968172" },
  { "id": 4, "image": "assets/4.jpg", "name": "피그먼트 반팔 티셔츠", "brand": "나인제트", "price": "45,500","purchaseLink": "https://www.musinsa.com/app/goods/3951986" },
  { "id": 5, "image": "assets/5.jpg", "name": "핸드볼 스페지알 ", "brand": "아디다스", "price": "139,000","purchaseLink": "https://www.musinsa.com/app/goods/3754858" },
  { "id": 6, "image": "assets/6.jpg", "name": " 워셔블 케이블 반팔 니트 ", "brand": "수아레", "price": "49,900","purchaseLink": "https://www.musinsa.com/app/goods/3927583" },
  { "id": 7, "image": "assets/7.jpg", "name": "BUTTERFLY SLEEVE TOP", "brand": "닉앤니콜", "price": "35,200","purchaseLink": "https://www.musinsa.com/app/goods/3814559" },
  { "id": 8, "image": "assets/8.jpg", "name": "피쉬핀 스트라이프 니트", "brand": "인템포무드", "price": "49,900","purchaseLink": "https://www.musinsa.com/app/goods/4126032" },
  { "id": 9, "image": "assets/9.jpg", "name": "데미지 워시드 데님 팬츠", "brand": "필루미네이트", "price": "39,800","purchaseLink": "https://www.musinsa.com/app/goods/3791988" },
  { "id": 10, "image": "assets/10.jpg", "name": "콤브 패턴 니트 셔츠", "brand": "인템포무드", "price": "61,200","purchaseLink": "https://www.musinsa.com/app/goods/4126027" },
  { "id": 11, "image": "assets/11.jpg", "name": "마펜터 코튼 버뮤다 팬츠", "brand": "인템포무드", "price": "49,600","purchaseLink": "https://www.musinsa.com/app/goods/4125947" },
  { "id": 12, "image": "assets/12.jpg", "name": "One Tuck Sweat Shorts", "brand": "제로", "price": "32,000","purchaseLink": "https://www.musinsa.com/app/goods/1926048" },
  { "id": 13, "image": "assets/13.png", "name": "블랙 와이드 카고 팬츠", "brand": "디미트리 블랙", "price": "38,900","purchaseLink": "https://www.musinsa.com/app/goods/3037465" },
  { "id": 14, "image": "assets/14.jpg", "name": "카펜터 버뮤다 데님 팬츠", "brand": "디미트리 블랙", "price": "34,900","purchaseLink": "https://www.musinsa.com/app/goods/3228764" },
  { "id": 15, "image": "assets/15.jpg", "name": "버뮤다 카고 스웨트 쇼츠", "brand": "리메인세컨드", "price": "30,580","purchaseLink": "https://www.musinsa.com/app/goods/4076182" },
  { "id": 16, "image": "assets/16.jpg", "name": "BLACK - 조리 블랙", "brand": "우포스", "price": "69,000","purchaseLink": "https://www.musinsa.com/app/goods/4046477" },
  { "id": 17, "image": "assets/17.jpg", "name": "BOLD TOE DERBY", "brand": "식스핏", "price": "47,900","purchaseLink": "https://www.musinsa.com/app/goods/4104562" },
  { "id": 18, "image": "assets/18.jpg", "name": "BB557ORANGE 선글라스", "brand": "리끌로우", "price": "26,900","purchaseLink": "https://www.musinsa.com/app/goods/2458631" },
  { "id": 19, "image": "assets/19.jpg", "name": "체크 후드 셔츠 자켓", "brand": "세컨모놀로그", "price": "89,000","purchaseLink": "https://www.musinsa.com/app/goods/3812093" },
  { "id": 20, "image": "assets/20.jpg", "name": "슈퍼 라이트 바람막이", "brand": "무신사 스탠다드", "price": "38,900","purchaseLink": "https://www.musinsa.com/app/goods/3800080" },
  { "id": 21, "image": "assets/21.jpg", "name": "네오 베이든 자켓", "brand": "노스페이스", "price": "189,000","purchaseLink": "https://www.musinsa.com/app/goods/3852549" },
  { "id": 22, "image": "assets/22.jpg", "name": "코튼 사이드 플리츠 벌룬 팬츠", "brand": "인템포무드", "price": "55,200","purchaseLink": "https://www.musinsa.com/app/goods/4125887" },
  { "id": 23, "image": "assets/23.jpg", "name": "박스캣 레귤러 or 오버 티셔츠", "brand": "라이크 더 모스트", "price": "19,900","purchaseLink": "https://www.musinsa.com/app/goods/4010806" },
  { "id": 24, "image": "assets/24.jpg", "name": "TAG TEE-WHITE", "brand": "브라운 브레스", "price": "39,000","purchaseLink": "https://www.musinsa.com/app/goods/2376233" },
  { "id": 25, "image": "assets/25.jpg", "name": "스티치로고 베이직 티셔츠", "brand": "무아무아", "price": "15,900","purchaseLink": "https://www.musinsa.com/app/goods/3877271" },
  { "id": 26, "image": "assets/26.jpg", "name": "XT-6 익스펜스 - 바닐라 아이스:", "brand": "살로몬", "price": "230,000","purchaseLink": "https://www.musinsa.com/app/goods/2737458"},
  { "id": 27, "image": "assets/27.jpg", "name": "1507 모노 트라우져 하프 삭스", "brand": "일오공칠", "price": "14,900","purchaseLink": "https://www.musinsa.com/app/goods/998051" },
  { "id": 28, "image": "assets/28.jpg", "name": "바이오스톤 워싱 와이드 데님 팬츠", "brand": "트릴리온", "price": "29,800","purchaseLink": "https://www.musinsa.com/app/goods/2711142" },
  { "id": 29, "image": "assets/29.jpg", "name": "나일론 카고 밴딩 팬츠", "brand": "어반디타입", "price": "34,990","purchaseLink": "https://example.com/product/1" },
  { "id": 30, "image": "assets/30.jpg", "name": "버뮤다 와이드 원턱 스웨트 쇼츠", "brand": "어게인스트 올 오즈", "price": "20,800","purchaseLink": "https://example.com/product/1" },
  { "id": 31, "image": "assets/31.jpg", "name": "알파바운스 슬라이드 - 블랙", "brand": "아디다스", "price": "44,900","purchaseLink": "https://www.musinsa.com/app/goods/497858" },
  { "id": 32, "image": "assets/32.jpg", "name": "Wide Cargo Half Denim Pants", "brand": "어반드레스", "price": "39,900","purchaseLink": "https://www.musinsa.com/app/goods/3328615" },
  { "id": 33, "image": "assets/33.jpg", "name": "DOODLE HEART HALF T WHITE ", "brand": "메종미네드", "price": "59,000","purchaseLink": "https://www.musinsa.com/app/goods/3325842" },
  { "id": 34, "image": "assets/34.jpg", "name": "90s 그래피티 반팔 티셔츠 ", "brand": "슈퍼서브", "price": "23,900","purchaseLink": "https://www.musinsa.com/app/goods/3922588" },
  { "id": 35, "image": "assets/35.jpg", "name": "라이트 패커블 윈드브레이커", "brand": "스파오", "price": "35,900","purchaseLink": "https://www.musinsa.com/app/goods/1856181" },
  { "id": 36, "image": "assets/36.jpg", "name": "스튜디오 데님 패치 반팔 티셔츠", "brand": "어썸스튜디오", "price": "25,650","purchaseLink": "https://www.musinsa.com/app/goods/3195759" },
  { "id": 37, "image": "assets/37.jpg", "name": "원턱 와이드 스웨트 팬츠", "brand": "가까이 유니언즈", "price": "33,800","purchaseLink": "https://www.musinsa.com/app/goods/2112059" },
  { "id": 38, "image": "assets/38.jpg", "name": "코르테즈 W - 화이트", "brand": "나이키", "price": "65,450","purchaseLink": "https://www.musinsa.com/app/goods/4138117"},
  { "id": 39, "image": "assets/39.jpg", "name": "Olly Linen Short-Sleeve Knit", "brand": "어반드레스", "price": "22,000","purchaseLink": "https://www.musinsa.com/app/goods/3325429" },
  { "id": 40, "image": "assets/40.jpg", "name": "버니위비+썸띵 레글런 반팔티셔츠", "brand": "더블유브이프로젝트", "price": "39,800","purchaseLink": "https://www.musinsa.com/app/goods/4042935" },
  { "id": 41, "image": "assets/41.jpg", "name": "루즈핏 오픈카라 텐셀 린넨 셔츠", "brand": "아노블리어", "price": "36,000","purchaseLink": "https://www.musinsa.com/app/goods/1008043" },
  { "id": 42, "image": "assets/42.jpg", "name": "레인 슬럽 투턱 버뮤다 데님 쇼츠", "brand": "트릴리온", "price": "31,800","purchaseLink": "https://www.musinsa.com/app/goods/3245230" },
  { "id": 43, "image": "assets/43.jpg", "name": "EL 스트리트 아트워크 오버핏 반팔티", "brand": "엘리메노", "price": "39,900","purchaseLink": "https://www.musinsa.com/app/goods/3341803" },
  { "id": 44, "image": "assets/44.jpg", "name": "UNI HERITAGE 반팔티", "brand": "뉴발란스", "price": "49,900","purchaseLink": "https://www.musinsa.com/app/goods/3966892" },
  { "id": 45, "image": "assets/45.jpg", "name": "버뮤다 스웨트 쇼츠 3종", "brand": "에이치덱스", "price": "69,000","purchaseLink": "https://www.musinsa.com/app/goods/3483711" },
  { "id": 46, "image": "assets/46.jpg", "name": "자이언트핏 카고 데님팬츠", "brand": "테이크이지", "price": "35,100","purchaseLink": "https://www.musinsa.com/app/goods/1939346" },
  { "id": 47, "image": "assets/47.png", "name": "2WAY 나일론 메탈 후드 베스트_크림", "brand": "디미트리블랙", "price": "34,100","purchaseLink": "https://www.musinsa.com/app/goods/3037470" },
  { "id": 48, "image": "assets/48.jpg", "name": "웨이크보드 반팔티셔츠", "brand": "카멜워크", "price": "29,900","purchaseLink": "https://www.musinsa.com/app/goods/1828020" },
  { "id": 49, "image": "assets/49.jpg", "name": "슬랍워싱 버뮤다 데님 팬츠", "brand": "어널러코드", "price": "32,500","purchaseLink": "https://www.musinsa.com/app/goods/2532425" },
  { "id": 50, "image": "assets/50.jpg", "name": "링클 체크 박시 오버핏 롤업 하프 셔츠", "brand": "파르티멘토", "price": "39,900","purchaseLink": "https://www.musinsa.com/app/goods/3321836" },
  { "id": 51, "image": "assets/51.jpg", "name": "324530 여 베이직 탱크탑", "brand": "지오다노", "price": "9,300","purchaseLink": "https://www.musinsa.com/app/goods/4080260" },
  { "id": 52, "image": "assets/52.jpg", "name": " 와이드 데님 팬츠 [스카이 블루]", "brand": "무신사 스탠다드", "price": "55,900","purchaseLink": "https://www.musinsa.com/app/goods/3051697"},
  { "id": 53, "image": "assets/53.jpg", "name": "멕시코 66 1183C234_100", "brand": "오니츠카타이거", "price": "160,000","purchaseLink": "https://www.musinsa.com/app/goods/1870549" },
  { "id": 54, "image": "assets/54.jpg", "name": "ARCH CHARMING CAT 쿨 코튼 오버핏 반팔", "brand": "1989스탠다드", "price": "25,500","purchaseLink": "https://www.musinsa.com/app/goods/3294589" },
  { "id": 55, "image": "assets/55.jpg", "name": "뉴포트 H2 샌들 Triple Black", "brand": "킨", "price": "159,000","purchaseLink": "https://www.musinsa.com/app/goods/2378989" },
  { "id": 56, "image": "assets/56.jpg", "name": "커스텀 핏 리넨 셔츠 - 화이트", "brand": "폴로 랄프 로렌", "price": "239,000","purchaseLink": "https://www.musinsa.com/app/goods/3325756" },
  { "id": 57, "image": "assets/57.jpg", "name": "미니멀 스퀘어 하드레더벨트", "brand": "도프제이슨", "price": "29,700","purchaseLink": "https://www.musinsa.com/app/goods/1961481" },
  { "id": 58, "image": "assets/58.jpg", "name": "체크 박시 오버핏 롤업 하프 셔츠", "brand": "파르티멘토", "price": "43,900","purchaseLink": "https://www.musinsa.com/app/goods/4135366" },
  { "id": 59, "image": "assets/59.jpg", "name": "ONLY ONE 니트 시리즈", "brand": "데이", "price": "38,900","purchaseLink": "https://www.musinsa.com/app/goods/4018082" },
  { "id": 60, "image": "assets/60.jpg", "name": "테크 나일론 후드 베스트 조끼", "brand": "무센트", "price": "37,900","purchaseLink": "https://www.musinsa.com/app/goods/3948581" },
  { "id": 61, "image": "assets/61.jpg", "name": "C-Logo Tee White", "brand": "예스아이씨", "price": "30,000","purchaseLink": "https://www.musinsa.com/app/goods/2406930" },
  { "id": 62, "image": "assets/62.jpg", "name": "더블턱 와이드 슬랙스[블랙]", "brand": "시그니처", "price": "39,900","purchaseLink": "https://www.musinsa.com/app/goods/2578996" },
  { "id": 63, "image": "assets/63.jpg", "name": "젤-벤처 6 SPS - 블랙", "brand": "아식스", "price": "119,000","purchaseLink": "https://www.musinsa.com/app/goods/4109007" }
]
